"Part";"Value";"Device";"Package";"Description";"AVAILABILITY";"BUILT_BY";"COPYRIGHT";"DESCRIPTION";"DIGI-KEY_PART_NUMBER";"DIGI-KEY_PURCHASE_URL";"DIGIKEY-PURCHASE-URL";"MANUFACTURER_PART_NUMBER";"MF";"MP";"PACKAGE";"PRICE";"PROD_ID";"PURCHASE-URL";"SOURCELIBRARY";"VALUE";"VENDOR";
"C1";"1.0uF";"1.0UF-0603-16V-10%";"0603";"1µF ceramic capacitors";"";"";"";"";"";"";"";"";"";"";"";"";"CAP-00868";"";"";"1.0uF";"";
"C2";"1.0uF";"1.0UF-0603-16V-10%";"0603";"1µF ceramic capacitors";"";"";"";"";"";"";"";"";"";"";"";"";"CAP-00868";"";"";"1.0uF";"";
"C3";"4.7uF";"4.7UF0603";"0603";"4.7µF ceramic capacitors";"";"";"";"";"";"";"";"";"";"";"";"";"CAP-08280";"";"";"4.7uF";"";
"C4";"22uF";"1.0UF-0603-16V-10%";"0603";"1µF ceramic capacitors";"";"";"";"";"";"";"";"";"";"";"";"";"CAP-00868";"";"";"1.0uF";"";
"C5";"0.1uF";"1.0UF-0603-16V-10%";"0603";"1µF ceramic capacitors";"";"";"";"";"";"";"";"";"";"";"";"";"CAP-00868";"";"";"1.0uF";"";
"C6";"10nF";"1.0UF-0603-16V-10%";"0603";"1µF ceramic capacitors";"";"";"";"";"";"";"";"";"";"";"";"";"CAP-00868";"";"";"1.0uF";"";
"C7";"1uF";"1.0UF-0603-16V-10%";"0603";"1µF ceramic capacitors";"";"";"";"";"";"";"";"";"";"";"";"";"CAP-00868";"";"";"1.0uF";"";
"C8";"10nF";"1.0UF-0603-16V-10%";"0603";"1µF ceramic capacitors";"";"";"";"";"";"";"";"";"";"";"";"";"CAP-00868";"";"";"1.0uF";"";
"C9";"0.1uF";"1.0UF-0603-16V-10%";"0603";"1µF ceramic capacitors";"";"";"";"";"";"";"";"";"";"";"";"";"CAP-00868";"";"";"1.0uF";"";
"C90";"0.1uF";"0.1UF-0603-25V-5%";"0603";"0.1µF ceramic capacitors";"";"";"";"";"";"";"";"";"";"";"";"";"CAP-08604";"";"";"0.1uF";"";
"C91";"10uF";"10UF-0603-6.3V-20%";"0603";"10.0µF ceramic capacitors";"";"";"";"";"";"";"";"";"";"";"";"";"CAP-11015";"";"";"10uF";"";
"D1_R";"RED";"LED-SMD0603";"LED-0603";"Red SMD LED";"";"";"";"";"";"";"";"";"";"";"";"";"DIO-00819";"";"";"RED";"";
"D2_G";"GRN";"LED-SMD0603";"LED-0603";"Red SMD LED";"";"";"";"";"";"";"";"";"";"";"";"";"DIO-00819";"";"";"RED";"";
"D3_B";"BLU";"LED-SMD0603";"LED-0603";"Red SMD LED";"";"";"";"";"";"";"";"";"";"";"";"";"DIO-00819";"";"";"RED";"";
"FTDI";"FTDI";"CONN_06SILK_FEMALE_PTH";"1X06";"Multi connection point. Often used as Generic Header-pin footprint for 0.1 inch spaced/style header connections";"";"";"";"";"";"";"";"";"";"";"";"";"CONN-08437";"";"";"";"";
"J1";"10118193-0001LF";"10118193-0001LF";"FCI_10118193-0001LF";"Micro USB B Type Receptacle";"";"";"";" Single Port 5 Contact Shielded SMT MICRO USB B-Type Receptacle ";"609-4616-1-ND";"https://www.digikey.ie/product-detail/en/amphenol-fci/10118193-0001LF/609-4616-1-ND/2785380?utm_source=snapeda&utm_medium=aggregator&utm_campaign=symbol";"";"";"Amphenol FCI";"10118193-0001LF";"None";"";"";"";"";"";"";
"PAIR";"KMR421GULCLFS";"KMR421GULCLFS";"SW_KMR421GULCLFS";"Switch Tactile N.O. SPST Round Button Gull Wing 0.05A 32VDC 1VA 200000Cycles 2N SMD Automotive T/R";"";"";"";" Tactile Switch SPST-NO Top Actuated Surface Mount ";"CKN12152CT-ND";"";"https://snapeda.com/shop?store=DigiKey&id=668006";"";"C&K";"KMR421GULCLFS";"None";"";"";"";"";"";"";
"R1";"1M";"RESISTOR0603";"0603";"Generic Resistor Package";"";"";"";"";"";"";"";"";"";"";"";"";" ";"";"";" ";"";
"R2";"100k";"RESISTOR0603";"0603";"Generic Resistor Package";"";"";"";"";"";"";"";"";"";"";"";"";" ";"";"";" ";"";
"R3";"1M";"RESISTOR0603";"0603";"Generic Resistor Package";"";"";"";"";"";"";"";"";"";"";"";"";" ";"";"";" ";"";
"R4";"100K";"RESISTOR0603";"0603";"Generic Resistor Package";"";"";"";"";"";"";"";"";"";"";"";"";" ";"";"";" ";"";
"R5";"1M";"RESISTOR0603";"0603";"Generic Resistor Package";"";"";"";"";"";"";"";"";"";"";"";"";" ";"";"";" ";"";
"R6";"10M";"RESISTOR0603";"0603";"Generic Resistor Package";"";"";"";"";"";"";"";"";"";"";"";"";" ";"";"";" ";"";
"R7";"330";"330OHM-0603-1/10W-1%";"0603";"330Ω resistor";"";"";"";"";"";"";"";"";"";"";"";"";"RES-00818";"";"";"330";"";
"R8";"330";"330OHM-0603-1/10W-1%";"0603";"330Ω resistor";"";"";"";"";"";"";"";"";"";"";"";"";"RES-00818";"";"";"330";"";
"R9";"10k";"RESISTOR0603";"0603";"Generic Resistor Package";"";"";"";"";"";"";"";"";"";"";"";"";" ";"";"";" ";"";
"R10";"10k";"RESISTOR0603";"0603";"Generic Resistor Package";"";"";"";"";"";"";"";"";"";"";"";"";" ";"";"";" ";"";
"R11";"10k";"RESISTOR0603";"0603";"Generic Resistor Package";"";"";"";"";"";"";"";"";"";"";"";"";" ";"";"";" ";"";
"R18";"330";"330OHM-0603-1/10W-1%";"0603";"330Ω resistor";"";"";"";"";"";"";"";"";"";"";"";"";"RES-00818";"";"";"330";"";
"RST";"KMR421GULCLFS";"KMR421GULCLFS";"SW_KMR421GULCLFS";"Switch Tactile N.O. SPST Round Button Gull Wing 0.05A 32VDC 1VA 200000Cycles 2N SMD Automotive T/R";"";"";"";" Tactile Switch SPST-NO Top Actuated Surface Mount ";"CKN12152CT-ND";"";"https://snapeda.com/shop?store=DigiKey&id=668006";"";"C&K";"KMR421GULCLFS";"None";"";"";"";"";"";"";
"SENSEWIRE";"VSENSE_WIRE";"VSENSE_WIRE";"VSENSE_WIRE";"External wire with single input for voltage sensing";"";"";"";"";"";"";"";"";"";"";"";"";"";"";"";"";"";
"TEST";"TST";"CONN_04";"1X04";"Multi connection point. Often used as Generic Header-pin footprint for 0.1 inch spaced/style header connections";"";"";"";"";"";"";"";"";"";"";"";"";"CONN-09696";"";"";"";"";
"U$3";"DMN2056U";"DMN2056U";"SOT23-3";"Diodes Incorporated NCH MOSFET";"";"";"";"";"";"";"";"";"";"";"";"";"";"";"";"";"";
"U1";"ESP32-S3-WROOM-1";"ESP32-S3-WROOM-1";"ESP32-S3-WROOM-1";"ESP32-S3-WROOM-1 WiFi Module  Check availability";"In Stock";"";"";" SMD MODULE, ESP32-S3R8 WITH 8 MB ";"";"";"";"";"Espressif Systems";"ESP32-S3-WROOM-1";"None";"None";"";"https://pricing.snapeda.com/search/part/ESP32-S3-WROOM-1/?ref=eda";"";"";"";
"U2";"BU33SD5WG";"BU33SD5WG-TR";"SSOP5_ROM";"";"";"EMA_Molly";"Copyright (C) 2018 Accelerated Designs. All rights reserved";"";"";"";"";"BU33SD5WG-TR";"";"";"";"";"";"";"ROHM_2019-10-21";"";"ROHM Semiconductor";
